{
    "version": "1.1.2",
    "build": "120",
    "name": "NCHHSTP SSL-CMS",
    "description": "NCHHSTP SSL Certificate Monitoring Service",
    "debug": false,
    "sbx": false,
    "nchhstpLogo": "assets\\logo-nchhstp-informatics.b64",

    "mailInfo" : {
        "smptServer": "smtpgw.cdc.gov",
        "from": "nchhstp-certs@cdc.gov",
        "to": "mcm8@cdc.gov;shw3@cdc.gov;fkg6@cdc.gov;wje7@cdc.gov",
        "cc": "nyj3@cdc.gov;fya1@cdc.gov;rpo0@cdc.gov",  
        "subject": "NCHHSTP SSL Certificate Monitoring Service"  
    },
    "servers": [
        {"skipTest": false, "url": "https://webappx.cdc.gov:443", "organization": "NCHHSTP/OD/IO", "contactInfo": "ahbservices@cdc.gov", "type": "Apache 2.4", "environment": "PROD", "description": "Apache forwarder DMZ (on-Prem)"},
        {"skipTest": false, "url": "https://microbetrace.cdc.gov/MicrobeTrace:443", "organization": "NCHHSTP/OD/IO", "contactInfo": "ahbservices@cdc.gov", "type": "Apache 2.4", "environment": "PROD", "description": "MicrobeTrace - Apache forwarder DMZ (on-Prem)"},
        
        {"skipTest": false, "url": "https://nchhstp-apps.cdc.gov:443", "organization": "OCIO", "contactInfo": "shw3@cdc.gov", "type": "Apache 2.4", "environment": "PROD", "description": "Apache forwarder OCIO DMZ (Azure)"},

        {"skipTest": false, "url": "https://atpv-nifm-zweb1.hce.cdc.gov:443", "organization": "NCHHSTP/OD/IO", "contactInfo": "shw3@cdc.gov", "type": "Apache 2.4", "environment": "PROD", "description": "Apache Forwarder (Azure)"},
        {"skipTest": false, "url": "https://atdv-nifm-zweb1.hce.cdc.gov:443", "organization": "NCHHSTP/OD/IO", "contactInfo": "shw3@cdc.gov", "type": "Apache 2.4", "environment": "DEV", "description": "Apache Forwarder (Azure)"},
        {"skipTest": false, "url": "https://attv-nifm-zweb1.hce.cdc.gov:443", "organization": "NCHHSTP/OD/IO", "contactInfo": "shw3@cdc.gov", "type": "Apache 2.4", "environment": "QA", "description": "Apache Forwarder (Azure)"},
        {"skipTest": false, "url": "https://atpv-nifm-zweb1.hce.cdc.gov:8443", "organization": "NCHHSTP/OD/IO", "contactInfo": "shw3@cdc.gov", "type": "Tomcat 9.0", "environment": "PROD", "description": "Tomcat Container Web (Azure)"},
        {"skipTest": false, "url": "https://atdv-nifm-zweb1.hce.cdc.gov:8443", "organization": "NCHHSTP/OD/IO", "contactInfo": "shw3@cdc.gov", "type": "Tomcat 9.0", "environment": "DEV", "description": "Tomcat Container Web (Azure)"},
        {"skipTest": false, "url": "https://attv-nifm-zweb1.hce.cdc.gov:8443", "organization": "NCHHSTP/OD/IO", "contactInfo": "shw3@cdc.gov", "type": "Tomcat 9.0", "environment": "QA", "description": "Tomcat Container web (Azure)"},
        
        {"skipTest": false, "url": "https://atpv-nifm-zweb2.hce.cdc.gov:443", "organization": "NCHHSTP/OD/IO", "contactInfo": "shw3@cdc.gov", "type": "Tomcat 9.0", "environment": "PROD", "description": "Apache Forwarder (Azure)"},
        {"skipTest": false, "url": "https://atdv-nifm-zweb2.hce.cdc.gov:443", "organization": "NCHHSTP/OD/IO", "contactInfo": "shw3@cdc.gov", "type": "Apache 2.4", "environment": "DEV", "description": "Apache Forwarder (Azure)"},
        {"skipTest": false, "url": "https://attv-nifm-zweb2.hce.cdc.gov:443", "organization": "NCHHSTP/OD/IO", "contactInfo": "shw3@cdc.gov", "type": "Apache 2.4", "environment": "QA", "description": "Apache Forwarder (Azure)"},
        {"skipTest": false, "url": "https://atdv-nifm-zweb2.hce.cdc.gov:8443", "organization": "NCHHSTP/OD/IO", "contactInfo": "shw3@cdc.gov", "type": "Tomcat 9.0", "environment": "DEV", "description": "Tomcat Container Web (Azure)"},
        {"skipTest": false, "url": "https://attv-nifm-zweb2.hce.cdc.gov:8443", "organization": "NCHHSTP/OD/IO", "contactInfo": "shw3@cdc.gov", "type": "Tomcat 9.0", "environment": "QA", "description": "Tomcat Container Web (Azure)"},

        {"skipTest": false, "url": "https://atpv-nifm-zws1.hce.cdc.gov:443", "organization": "NCHHSTP/OD/IO", "contactInfo": "shw3@cdc.gov", "type": "Tomcat 9.0", "environment": "PROD", "description": "Tomcat Container REST/SOAP (Azure)"},
        {"skipTest": false, "url": "https://atdv-nifm-zws1.hce.cdc.gov:443", "organization": "NCHHSTP/OD/IO", "contactInfo": "shw3@cdc.gov", "type": "Tomcat 9.0", "environment": "DEV", "description": "Tomcat Container REST/SOAP (Azure)"},
        {"skipTest": false, "url": "https://attv-nifm-zws1.hce.cdc.gov:443", "organization": "NCHHSTP/OD/IO", "contactInfo": "shw3@cdc.gov", "type": "Tomcat 9.0", "environment": "QA", "description": "Tomcat Container REST/SOAP (Azure)"},
        {"skipTest": false, "url": "https://aspv-nifm-zisp1.hce.cdc.gov:443", "organization": "NCHHSTP/OD/IO", "contactInfo": "shw3@cdc.gov", "type": "IIS", "environment": "PROD", "description": "Informatics Services Platform (Azure)"},
        
        {"skipTest": false, "url": "https://aatv-nifm-zfwd1.hce.cdc.gov:443", "organization": "NCHHSTP/OD/IO", "contactInfo": "shw3@cdc.gov", "type": "Apache", "environment": "QA", "description": "Apache Forwarder (Azure)"},
        {"skipTest": false, "url": "https://aapv-nifm-zfwd1.hce.cdc.gov:443", "organization": "NCHHSTP/OD/IO", "contactInfo": "shw3@cdc.gov", "type": "Apache", "environment": "PROD", "description": "Apache Forwarder (Azure)"},
        
        {"skipTest": false, "url": "https://aspv-nifm-zalm.hce.cdc.gov:443", "organization": "NCHHSTP/OD/IO", "contactInfo": "shw3@cdc.gov", "type": "Apache 2.4", "environment": "PROD", "description": "ALM Environment Jira/Confluence/Bamboo/Bitbucket/Nexus/Archiva (Azure)"},
        {"skipTest": false, "url": "https://asdv-nifm-zalm.hce.cdc.gov:443", "organization": "NCHHSTP/OD/IO", "contactInfo": "shw3@cdc.gov", "type": "Apache 2.4", "environment": "DEV", "description": "ALM Environment Jira/Confluence/Bamboo/Bitbucket/Nexus/Archiva (Azure)"},

        {"skipTest": false, "url": "https://widv-nifm-zweb1.hce.cdc.gov:443/iisstart.htm", "organization": "NCHHSTP/OD/IO", "contactInfo": "shw3@cdc.gov", "type": "IIS", "environment": "DEV", "description": "IIS Server"},

        {"skipTest": false, "url": "https://usajobs.cdc.gov:443", "organization": "NCHHSTP/OD/IO", "contactInfo": "shw3@cdc.gov", "type": "AppService", "environment": "PROD", "description": "Azure AppService - USAJobs/Akamai WAF (Azure)"},
        {"skipTest": false, "url": "https://nchhstp-usa-jobs.azurewebsites.net:443", "organization": "NCHHSTP/OD/IO", "contactInfo": "shw3@cdc.gov", "type": "AppService", "environment": "PROD", "description": "Azure AppService - USAJobs (Azure)"},
        {"skipTest": false, "url": "https://nchhstp-usa-jobs-dev.azurewebsites.net:443", "organization": "NCHHSTP/OD/IO", "contactInfo": "shw3@cdc.gov", "type": "AppService", "environment": "DEV", "description": "Azure AppService - USAJobs(Azure)"},
        {"skipTest": false, "url": "https://nchhstp-usa-jobs-docker.azurewebsites.net:443", "organization": "NCHHSTP/OD/IO", "contactInfo": "shw3@cdc.gov", "type": "AppService", "environment": "DEV", "description": "Azure Docker AppService - USAJobs(Azure)"},
        {"skipTest": false, "url": "https://nchhstp-s2web.azurewebsites.net:443", "organization": "NCHHSTP/OD/IO", "contactInfo": "shw3@cdc.gov", "type": "AppService", "environment": "DEV", "description": "Azure AppService - S2Web (Azure)"},
        {"skipTest": false, "url": "https://s2security-dev.azurewebsites.net:443", "organization": "NCHHSTP/OD/IO", "contactInfo": "shw3@cdc.gov", "type": "AppService", "environment": "DEV", "description": "Azure AppService - S2Net (Azure)"},
        {"skipTest": false, "url": "https://s2security.azurewebsites.net:443", "organization": "NCHHSTP/OD/IO", "contactInfo": "shw3@cdc.gov", "type": "AppService", "environment": "PROD", "description": "Azure AppService - S2Net (Azure)"},
        
        {"skipTest": false, "url": "https://asdv-nifm-zfrzr.hce.cdc.gov:443", "organization": "NCHHSTP/DHP", "contactInfo": "shw3@cdc.gov", "type": "Freezerworks", "environment": "DEV", "description": "Freezerworks - Laboratory Software (Azure)"},
        {"skipTest": false, "url": "https://aspv-nifm-zfrzr.hce.cdc.gov:443", "organization": "NCHHSTP/DHP", "contactInfo": "shw3@cdc.gov", "type": "Freezerworks", "environment": "PROD", "description": "Freezerworks - Laboratory Software (Azure)"},
        {"skipTest": false, "url": "https://wipv-nifm-zadt.hce.cdc.gov:443", "organization": "NCHHSTP/DHP", "contactInfo": "shw3@cdc.gov", "type": "IIS", "environment": "PROD", "description": "Automated Data Transfer (ATD) (Azure)"},
        {"skipTest": false, "url": "https://widv-nifm-zadt.hce.cdc.gov:443", "organization": "NCHHSTP/DHP", "contactInfo": "shw3@cdc.gov", "type": "IIS", "environment": "PROD", "description": "Automated Data Transfer (ATD) (Azure)"},
        {"skipTest": false, "url": "https://nchhstp-soundex-dev.azurewebsites.net:443", "organization": "NCHHSTP/DHP", "contactInfo": "shw3@cdc.gov", "type": "AppService", "environment": "PROD", "description": "SOUNDEX (Azure)"},
        {"skipTest": false, "url": "https://iap-linux-eastus-as.azurewebsites.net:443", "organization": "NCHHSTP/DHP", "contactInfo": "shw3@cdc.gov", "type": "AppService", "environment": "DEV", "description": "Integrated Application Portal (Azure)"},

        {"skipTest": false, "url": "https://aipv-dhap-ehars.hce.cdc.gov:443", "organization": "NCHHSTP/DHP", "contactInfo": "qvp2@cdc.gov", "type": "IIS", "environment": "PROD", "description": "eHARS (Azure)"},
        {"skipTest": false, "url": "https://aidv-dhap-edev.hce.cdc.gov:443", "organization": "NCHHSTP/DHP", "contactInfo": "qvp2@cdc.gov", "type": "IIS", "environment": "DEV", "description": "eHARS (Azure)"},
        {"skipTest": false, "url": "https://aidv-dhap-euat.hce.cdc.gov:443", "organization": "NCHHSTP/DHP", "contactInfo": "qvp2@cdc.gov", "type": "IIS", "environment": "UAT", "description": "eHARS (Azure)"},
        {"skipTest": false, "url": "https://aidv-dhap-esup.hce.cdc.gov:443", "organization": "NCHHSTP/DHP", "contactInfo": "qvp2@cdc.gov", "type": "IIS", "environment": "SUPV", "description": "eHARS (Azure)"},
        
        {"skipTest": false, "url": "https://stitxapp.cdc.gov:443/admin/login", "organization": "NCHHSTP/DSTD", "contactInfo": "shw3@cdc.gov", "type": "AWS STD TX", "environment": "PROD", "description": "Backend panel for DSTD mobile app (AWS)"},

        {"skipTest": false, "url": "https://astv-nifm-zelab.hce.cdc.gov:443/iisstart.htm", "organization": "NCHHSTP/DTBE", "contactInfo": "shw3@cdc.gov", "type": "IIS", "environment": "QA", "description": "eLabNext - Laboratory Software (Azure)"},
        {"skipTest": false, "url": "https://aspv-nifm-zelab.hce.cdc.gov:443/iisstart.htm", "organization": "NCHHSTP/DTBE", "contactInfo": "shw3@cdc.gov", "type": "IIS", "environment": "PROD", "description": "eLabNext - Laboratory Software (Azure)"},
        {"skipTest": false, "url": "https://aspv-dtbe-zrhap.hce.cdc.gov:8444", "organization": "NCHHSTP/DTBE", "contactInfo": "shw3@cdc.gov", "type": "Raphsody/Tomcat", "environment": "PROD", "description": "Raphsody (Azure)"},
        {"skipTest": false, "url": "https://asdv-dtbe-zrhap.hce.cdc.gov:8444", "organization": "NCHHSTP/DTBE", "contactInfo": "shw3@cdc.gov", "type": "Raphsody/Tomcat", "environment": "DEV", "description": "Raphsody (Azure)"},

        {"skipTest": false, "url": "https://ghost-dashboard.azurewebsites.net:443", "organization": "NCHHSTP/DVH", "contactInfo": "shw3@cdc.gov", "type": "AppService", "environment": "DEV", "description": "GHOST Stremlit (Azure)"},
        {"skipTest": false, "url": "https://paragonrobotics.azurewebsites.net:443", "organization": "NCHHSTP/DVH", "contactInfo": "shw3@cdc.gov", "type": "AppService", "environment": "DEV", "description": "Paragon Robotics Docker (Azure)"},
        
        {"skipTest": false, "url": "https://rdcp.cdc.gov/api/:443", "organization": "NCEZID", "contactInfo": "mcm8@cdc.gov", "type": "REDCap API", "environment": "PROD", "description": "REDCap API endpoints (Azure)"},
                
        {"skipTest": false, "url": "https://webinspect.cdc.gov:443", "organization": "OCIO", "contactInfo": "SoftwareAssurance@cdc.gov", "type": "Fortify Webinspect", "environment": "PROD", "description": "Microfocus WebInspect"},

        {"skipTest": false, "url": "https://swa.cdc.gov:443", "organization": "OCIO", "contactInfo": "SoftwareAssurance@cdc.gov", "type": "Fortify SSC", "environment": "PROD", "description": "Microfocus Software Security Center (SSC) for SCA and Webinspect"},
        {"skipTest": false, "url": "https://auth.cdc.gov:443", "organization": "OCIO", "contactInfo": "samshelp@cdc.gov;ikv8@cdc.gov", "type": "SAMS", "environment": "PROD", "description": "SAMS authorization infrastructure"},
        {"skipTest": false, "url": "https://trust.cdc.gov:443", "organization": "OCIO", "contactInfo": "samshelp@cdc.gov;ikv8@cdc.gov", "type": "SAMS", "environment": "PROD", "description": "SAMS authorization infrastructure"},
        {"skipTest": false, "url": "https://cyber.cdc.gov:443", "organization": "OCIO", "contactInfo": "mcm8@cdc.gov;adhelpdsk@cdc.gov", "type": "CyberArk", "environment": "PROD", "description": "OCIO CyberArk"},
        {"skipTest": false, "url": "https://it-guides.cdc.gov:443", "organization": "OCIO", "contactInfo": "mcm8@cdc.gov;fya1@cdc.gov", "type": "OCIO Cloud", "environment": "PROD", "description": "OCIO IT Guardrails"},
        {"skipTest": false, "url": "https://newcloud.cdc.gov:443", "organization": "OCIO", "contactInfo": "mcm8@cdc.gov;fya1@cdc.gov", "type": "OCIO Cloud", "environment": "PROD", "description": "OCIO New Cloud"},
        {"skipTest": false, "url": "https://github.com:443", "organization": "OCIO", "contactInfo": "mcm8@cdc.gov;fya1@cdc.gov", "type": "OCIO Cloud", "environment": "PROD", "description": "GitHub Enterprise"},
        {"skipTest": false, "url": "https://citgoint.cdc.gov:443", "organization": "OCIO", "contactInfo": "mcm8@cdc.gov;fya1@cdc.gov", "type": "OCIO on-prem", "environment": "PROD", "description": "Citrix - Internal"},
        {"skipTest": false, "url": "https://citgo.cdc.gov:443", "organization": "OCIO", "contactInfo": "mcm8@cdc.gov;fya1@cdc.gov", "type": "OCIO on-prem", "environment": "PROD", "description": "Citrix - External"},
        {"skipTest": false, "url": "https://docs.cdc.gov:443", "organization": "OCIO", "contactInfo": "mcm8@cdc.gov;fya1@cdc.gov", "type": "OCIO Cloud", "environment": "PROD", "description": "OCIO - The complete reference for CDC Enterprise DevSecOps"},

        {"skipTest": false, "url": "https://cdp-01.biotech.cdc.gov:8889", "organization": "NCIRD/ID", "contactInfo": "mcm8@cdc.gov;fya1@cdc.gov", "type": "OCIO on-prem", "environment": "PROD", "description": "Cloudera Data Platform (CDP)"},

        {"skipTest": false, "url": "https://disc.biotech.cdc.gov:443", "organization": "NCIRD/ID", "contactInfo": "rpo0@cdc.gov;uhz9@cdc.gov;qph4@cdc.gov;mqk2@cdc.gov;cms8@cdc.gov;zhm8@cdc.gov", "type": "NGINX", "environment": "PROD", "description": "Database of Influenza Sequences at CDC"},
        {"skipTest": false, "url": "https://disc-qa.biotech.cdc.gov:443", "organization": "NCIRD/ID", "contactInfo": "rpo0@cdc.gov;uhz9@cdc.gov;qph4@cdc.gov;mqk2@cdc.gov;cms8@cdc.gov;zhm8@cdc.gov", "type": "NGINX", "environment": "QA", "description": "Database of Influenza Sequences at CDC"},
        {"skipTest": false, "url": "https://clarity.biotech.cdc.gov:443", "organization": "NCIRD/ID", "contactInfo": "rpo0@cdc.gov;uhz9@cdc.gov;qph4@cdc.gov;mqk2@cdc.gov;cms8@cdc.gov;zhm8@cdc.gov", "type": "Apache for Clarity LIMS", "environment": "PROD", "description": "Clarity LIMS"},
        {"skipTest": false, "url": "https://clarity-dev-03.biotech.cdc.gov:443", "organization": "NCIRD/ID", "contactInfo": "rpo0@cdc.gov;uhz9@cdc.gov;qph4@cdc.gov;mqk2@cdc.gov;cms8@cdc.gov;zhm8@cdc.gov", "type": "Apache for Clarity LIMS", "environment": "QA", "description": "Clarity LIMS"},
        {"skipTest": false, "url": "https://jaspr.biotech.cdc.gov:443", "organization": "NCIRD/ID", "contactInfo": "rpo0@cdc.gov;uhz9@cdc.gov;qph4@cdc.gov;mqk2@cdc.gov;cms8@cdc.gov;zhm8@cdc.gov", "type": "NGINX", "environment": "PROD", "description": "JASPR Curve Fitting Tool"},
        {"skipTest": false, "url": "https://jaspr-qa.biotech.cdc.gov:443", "organization": "NCIRD/ID", "contactInfo": "rpo0@cdc.gov;uhz9@cdc.gov;qph4@cdc.gov;mqk2@cdc.gov;cms8@cdc.gov;zhm8@cdc.gov", "type": "NGINX", "environment": "QA", "description": "JASPR Curve Fitting Tool"},

        {"skipTest": false, "url": "https://dcipher.cdc.gov:443", "organization": "OPHSDT/ORR", "contactInfo": "mcm8@cdc.gov;fya1@cdc.gov", "type": "OCIO AWS Cloud", "environment": "PROD", "description": "Palantir - DCIPHER"}
    ]
}

